{
  "pruning_only": {
    "small": {
      "0.3": {
        "pos": {
          "f2": 0.787746170678337,
          "f1": 0.663594470046083,
          "precision": 0.5255474452554745,
          "recall": 0.9,
          "tp": 