{
  "baseline_run": "mpnet-base-gooaq-qat-local-baseline-mnrl-nanobeir-card-s42-20260213-205633",
  "candidate_config": {
    "eval_benchmark": "nanobeir",
    "eval_quantization_mode": "legacy",
    "seed": 42,
    "train_binary_mode": "signed",
    "train_loss": "qat",
    "train_precision_warmup_steps": [
      0,
      200,
      1200
    ],
    "train_quantization_warmup_steps": 0,
    "train_use_int8_range_state": false
  },
  "candidate_run": "mpnet-base-gooaq-qat-step4a-trainB-per-precision-warmup-20260213-213027",
  "delta_vs_baseline": {
    "binary": -0.0007523788145528121,
    "float32": -0.014089208785706298,
    "int8": -0.010450543073539098
  },
  "delta_vs_trainB": {
    "binary": -0.017458800710203448,
    "float32": -0.005040464126963018,
    "int8": 0.005040304927527828
  },
  "ndcg10": {
    "baseline": {
      "binary": 0.4772903910172228,
      "float32": 0.5295846675042574,
      "int8": 0.5148909762541771
    },
    "candidate": {
      "binary": 0.47653801220267,
      "float32": 0.5154954587185511,
      "int8": 0.504440433180638
    },
    "trainB": {
      "binary": 0.49399681291287345,
      "float32": 0.5205359228455141,
      "int8": 0.4994001282531102
    }
  },
  "trainB_run": "mpnet-base-gooaq-qat-local-trainB-qat-nanobeir-card-s42-20260213-205935"
}
